feature,combined_score
R,1.5229588836154095
ERA,1.4288702928870292
RA,1.233596232469903
ER,1.222373075776917
SV,1.0358418226464985
CG,0.6171047984726479
AB,0.57799734503639
H,0.5408327839446013
BB,0.5053636188647712
E,0.47902699840982566
BBA,0.44111616840978674
SB,0.4250483216034857
2B,0.4214182898209209
HA,0.4193035826922797
SOA,0.4088812007142697
