feature,importance_mean
Pythag_W,687266.184874791
run_diff,49255.90386227024
RD_per_game,22265.970439113746
H_per_game,4672.95660694793
SOA_per_game,3874.2526616793925
BB_per_game,3415.0602277206763
HR_per_game,3271.280460571574
SO_per_game,3185.742709940839
RA,2620.0551731592027
R,2227.35467820914
RPG,2132.236863906974
RAPG,1992.4987567937542
IP,0.0
