feature,coefficient
R,8.638055620881932
H,-8.437475292896265
OBP,7.766396482101663
RA,-6.577355228682685
IP,4.873504826177822
BB,-4.843216325569198
SV,4.261076717554381
CG,3.936296118396982
E,-3.9207315133523104
OPS,3.5397037386686425
