feature,combined_score
R,2.0
RA,1.7249646721181062
SV,0.5966034296624886
IP,0.5879712336745921
H,0.5800098252887284
OBP,0.5267257370641082
CG,0.46265505755184466
E,0.41710792724618534
OPS,0.3558720074818845
BB,0.34606159433115835
HR,0.31648601100208684
FP,0.29191354988615464
SLG,0.22558895659833644
ERA,0.1976771165410958
ER,0.16140431971717195
