feature,coefficient
RPG_norm,1597631976642.2744
RPG,-1597631976639.3015
Pythag_FP,103.09359741210938
Pythag_W,-84.56326293945312
RD_per_game_FP,-83.94366455078125
RD_FP,-83.94342041015625
RD_per_game,79.4691162109375
RDadj_FP,52.10908508300781
RD_per_game_era_2,39.068016052246094
RD_adj,-34.58770751953125
