feature,coefficient
OBP,23.878982645922417
H,-19.517806347016077
BB,-12.797857046542843
R,11.090267281792531
RA,-10.236671700443129
AB,9.744604446417604
SLG,-9.45011570154928
HR,6.61979567258031
Win_eff,3.698561514177069
2B,1.9063609859983466
