feature,combined_score
R,2.0
RA,1.8794617083528693
H,0.9156454241286595
OBP,0.8543632001376625
Win_eff,0.504183795557945
BB,0.4891552185127027
AB,0.4677921643390271
OPS,0.23192973009111537
G,0.17238449592466742
SV,0.13910665869644373
SLG,0.09871597292189023
ERA,0.0928837786098213
FP,0.08253506597032828
CG,0.08088099706278676
SHO,0.06824085944588813
