decade,0
1900,4.701297089057085
1910,4.325578894802583
1920,3.3703225059531317
1930,3.8391466849193883
1940,3.7519440890047235
1950,3.685402353279483
1960,3.4869270491012805
1970,3.6491618595249182
1980,3.325880769173843
1990,3.018897350166999
2000,3.4785413000321346
2010,3.3365963028418406
