feature,coefficient
R,6.211662679098531
RD_adj,4.692903670975022
ERA,-4.388366171659561
FP,4.260958057368289
E,2.424254892335028
RA,-2.1062145044416125
SOA,1.0595440833704977
SO,-0.4117594476513554
HR,0.24416068785107317
BB,0.12997235649928893
