feature,coefficient
ER,17.88773116965525
ERA,-17.705975555086425
R,8.40143964117868
RA,-7.1176487469182
SV,4.3430698019445515
CG,3.590736881938549
E,-2.871939258451556
AB,-2.820850978929751
FP,-1.7943352054316013
H,1.7720174800152697
