feature,coefficient
Pythag_W,0.7834953984395785
run_diff,0.017086612968955275
RD_per_game,-0.02315785910695312
RD_per_game_FP,-0.041652890630960164
R_lag1,-7.388625659914734e-05
RA_lag1,-0.0016546456393979365
W_lag1,0.021631134398888974
Pythag_W_ERA,0.017623824088519462
RD_adj,-0.00604189367345876
RPG,-0.5359329354711136
RAPG,-0.5127750763641713
HR_per_game,0.30135547203568785
SO_per_game,0.0734096975341822
BB_per_game,0.0686249347357132
