decade,MAE
1900,4.474260409508176
1910,3.4689785324566804
1920,2.6491473454207344
1930,3.39350683655988
1940,3.2694578296803827
1950,3.031462326668599
1960,2.78769832127874
1970,2.8928579277275737
1980,2.550050155241047
1990,2.56182420541903
2000,2.330267387615695
2010,2.4805940288002035
