decade,0
1900,4.671521170315923
1910,4.312538950192717
1920,3.502452004659703
1930,3.817187455971278
1940,3.6141981649478443
1950,3.5064626737965434
1960,3.5316252993009956
1970,3.56597290199146
1980,3.235336712663841
1990,3.004724635400514
2000,3.477562037919736
2010,3.263163903741724
