feature,coefficient
RDadj_FP,-32.97362659783916
RD_adj,31.957732923997018
R,10.705541516650106
RDpg_FP,-9.367312301349724
PythagW_FP,9.078580820812576
RA,-8.104542722563014
ERA,-3.9737144762359513
PythagW_ERA,1.2539426709401575
SOA,0.6835668310751648
SO,-0.675262467106372
