decade,MAE
1900,3.914551859750661
1910,3.37343019162072
1920,2.838714724597475
1930,3.2905245961113625
1940,3.087839682312016
1950,3.150362643583497
1960,3.0440658685766713
1970,3.24804019183599
1980,2.999355928902873
1990,2.7619008389268376
2000,3.256937971654716
2010,2.9789864596328184
