feature,combined_score
Pythag_W,2.0
R,0.5406602987881878
ERA,0.3839056717574324
RD_per_game_FP,0.2010880343239122
RA,0.19076448537191174
FP,0.13626921920297716
decade_1970,0.11020638093783193
RA_lag2_mean,0.10965459542399675
SOA,0.1033951578627267
era_2,0.08045545080163445
RD_adj,0.0777957404216508
decade_1950,0.07355833383212905
era_5,0.06759482630271453
era_1,0.06569233404890218
decade_1910,0.06556330100182609
