feature,coefficient
RD_per_game_FP,-40.871442557982625
RD_per_game,27.979101542485097
R,14.102074386900686
RA,-11.321517759452814
Pythag_W,8.436237921659062
ERA,-3.7622028940264864
RA_lag2_mean,-0.9862677990605564
Pythag_W_ERA,0.9840189835484681
FP,0.8503974728971676
RD_adj,-0.7948261277979018
