feature,coefficient
R,14.390298030105674
RD_adj,7.905194237807293
RPG_norm,-7.804352830968082
RA,-4.217957903389003
RD_eff,-3.473760472934037
ERA,-2.4621134332527563
FP,0.9070003633328837
SOA,0.6061099118139021
SO,-0.5080063871888396
W_lag1,0.19221206166007476
E,-0.16278905979587285
HR,0.06940652407173979
BB,0.061333015065869564
