decade,0
1900,4.246186295569398
1910,3.576860842334537
1920,2.8284516226261225
1930,3.304408360480242
1940,3.258361101279825
1950,3.327233382482348
1960,3.173424636503678
1970,3.275676691277734
1980,2.9958103037534043
1990,2.7865574586081325
2000,3.303679073464847
2010,3.071234012376198
