feature,combined_score
RD_adj,1.114176868476173
R,1.0111766922308503
RD_eff,1.0003620304376208
RPG_norm,0.5018958100148155
RA,0.2995424919219526
ERA,0.24589859928312124
FP,0.1241484105916128
SOA,0.09484807478454403
SO,0.055275346555277285
E,0.034169921274634286
W_lag1,0.027214286923182028
HR,0.02426088943910499
BB,0.021998071881760405
