decade,mae
1900,4.3837765355351745
1910,3.491897611561195
1920,2.8131957900041096
1930,3.292597087479054
1940,3.32319868661513
1950,2.8448369463804926
1960,2.783661201579644
1970,2.82135380368184
1980,2.5538938966177485
1990,2.415825768785197
2000,2.3674500081907475
2010,2.524036272204764
