decade,mae
1900,4.093570957138829
1910,3.541477553725409
1920,2.853137805259038
1930,3.332176040359956
1940,3.197005299596305
1950,3.316469018204614
1960,3.159980017944657
1970,3.494728507228266
1980,3.0661978900149274
1990,2.889765249210541
2000,3.3589988113103346
2010,3.0877040873631567
