feature,combined_score
R,1.7780844294220053
RA,1.581577190970202
ERA,1.0397118777793752
ER,0.9370763018986172
SV,0.5112278873111358
CG,0.34718013756740723
AB,0.21948388842447697
H,0.1558405947908998
E,0.12748034682801068
SHO,0.12049578911352651
SOA,0.07051663967221417
G,0.06547553760581908
SO,0.05199835737761393
HR,0.051083897741092475
BBA,0.03818644111183322
