feature,coefficient
run_diff,-3563783266878.627
R,3073058417054.8647
RA,-3056619741675.7563
RD_per_game_FP,-64.44338989257812
RD_per_game,31.1427001953125
RPG,18.3712158203125
team_rpg,18.3607177734375
RAPG,-18.185302734375
HR,15.44427490234375
HR_per_game,-14.5577392578125
