feature,combined_score
Pythag_W,1.8987397090476947
AB,1.0029155942510677
IPouts,0.8690731663820336
SV,0.7682701373479541
CG,0.6472505787275417
BB,0.5724851105414053
ERA,0.3288447166760563
R,0.2751505126134736
E,0.26294047421404515
RD_per_game,0.18474113794199748
RD_adj,0.13570410151747134
FP,0.1226885065270399
BBA,0.09092617126126297
SOA,0.06646972221323208
RA,0.04442136017174659
