decade,mae
1900,4.356597449482229
1910,3.678155605412167
1920,2.941263033455166
1930,3.2875733796269575
1940,3.1384897778662717
1950,3.3307820592779764
1960,3.163374606030614
1970,3.4283987564269576
1980,3.0258047010066376
1990,2.8915453238840585
2000,3.3473484703582446
2010,3.080983796126754
