feature,coefficient
Pythag_W,10.894198207272977
RD_per_game,1.6404652119952796
SO_per_game,0.3568754717665198
ERA,0.20769847528654853
BB_per_game,0.13184146419481124
RD,0.0
