feature,coefficient
RD_adj,-116.01135208504161
RDadj_FP,78.73744227185456
RD_FP,-72.73986092420954
RD_per_game_FP,-72.7398609242004
RA,-60.721190417096366
R,46.72686150323822
Pythag_FP,42.32501298288409
RD_eff,34.219952109917564
RD_per_game,33.05474793387133
Pythag_W,-24.639368417664837
