decade,mae
1900,4.057635543214905
1910,3.4384286548038525
1920,2.674036765838223
1930,3.2203753067699874
1940,3.1203660399306083
1950,2.926725013492626
1960,2.8518193374926004
1970,2.9405842486172475
1980,2.5435792482160005
1990,2.4396185913078603
2000,2.4852918909299406
2010,2.50743641230716
