ensemble,oof_mae
mean,2.8334460176124985
median,2.8319389453174093
stack_lr,2.8226336163413426
stack_ridge_a10,2.822221177426033
stack_lasso_nonneg,2.823877067693855
