feature,coefficient
ER,21.091659475458687
ERA,-20.787580683882457
HR,-9.959477279812498
SLG,9.261612187165944
pyth_wins_tuned,7.138443120291127
OPS,5.462653635180358
SV,4.269915506307877
OBP,-3.619212778229547
CG,3.5909800717547045
H,-3.1924190816885543
