feature,combined_score
pyth_wins_tuned,1.565998878686702
ERA,1.0010074460294875
ER,0.9592209300232871
SV,0.37880232098311906
CG,0.3051182790152109
HR,0.2690769321425253
SLG,0.2545348264236479
H,0.21968187077582874
R,0.2180250018537326
OPS,0.21316774450898102
RA,0.11371402773184647
E,0.09021980661124925
OBP,0.07924303884070932
2B,0.074503938544095
SOA,0.061384295640553886
