decade,0
1900,4.1102655330550135
1910,3.389967769846824
1920,2.6290182135870843
1930,3.1566935455204876
1940,3.044858283507599
1950,3.024237829053148
1960,2.9281457074889152
1970,3.0287194856322506
1980,2.775777526252299
1990,2.6106460380773484
2000,3.0949849659746467
2010,2.8716762954151083
