feature,importance_mean
Pythag_W,684574.6031710851
run_diff,36326.79969731459
RD_per_game_FP,18348.28290727672
RD_per_game,18129.160945681924
R_lag1,3655.8904439246144
W_lag1,3199.310403268192
RA_lag1,3094.6188794948926
H_per_game,3090.27356830644
SOA_per_game,2844.1794191448403
HR_per_game,2428.576541265769
SO_per_game,2115.0466698256505
BB_per_game,2113.765711474798
Pythag_W_ERA,1790.8477116660606
RA,1647.1497097816928
R,1610.562343172642
RPG,1443.5857400091138
RAPG,1301.3516918208677
IP,0.0
