feature,coefficient
ridge_pred,0.9733328200690416
gbm_pred,0.018665521372173026
